{"cameraMode":{"drawMode":0,"name":"Shaded","section":"Shading Mode"},"sceneLighting":true,"audioPlay":false,"sceneViewState":{"m_AlwaysRefresh":true,"showFog":true,"showSkybox":true,"showFlares":true,"showImageEffects":true,"showParticleSystems":true,"showVisualEffectGraphs":true,"m_FxEnabled":true},"in2DMode":false,"pivot":{"x":-1477.7000732421875,"y":147.62400817871095,"z":-801.2160034179688},"rotation":{"x":0.012932512909173966,"y":0.8780430555343628,"z":0.02391848899424076,"w":-0.47801870107650759},"size":1010.2728881835938,"orthographic":false}